Workbook

Sheet 28-08
A1: المتأخر المدين حتى 28-08-2026
A3: المتأخر المدين | B3: الشركة | C3: علامات التصنيف | D3: شروط السداد للعميل | E3: مندوب المبيعات | F3: بتاريخ | G3: 1-30 | H3: 31-60 | I3: 61-90 | J3: 91-120 | K3: أقدم | L3: الإجمالي
F4: =SUBTOTAL(9,F5:F270) -> 77152.6 | G4: =SUBTOTAL(9,G5:G270) -> 39366 | H4: =SUBTOTAL(9,H5:H270) -> 12150 | I4: =SUBTOTAL(9,I5:I270) -> 5435 | J4: =SUBTOTAL(9,J5:J270) -> 0 | K4: =SUBTOTAL(9,K5:K270) -> 4004255.1 | L4: =SUBTOTAL(9,L5:L270) -> 4138358.7
A5: خالد حسين (عميل - مورد) | B5: 0 | C5: عميل - مورد | D5: 0 | E5: Haddil Haron | F5: 0 | G5: 4342873.5 | H5: 3877405.2 | I5: 0 | J5: 886378.79 | K5: 0 | L5: 9106657.5
A6: تسيباس اوول فوود | B6: MAS | C6: عملاء اجل | D6: 30 يوماً | E6: Haddil Haron | F6: 2272096 | G6: 1364858.3 | H6: 246187.5 | I6: 0 | J6: 190187.66 | K6: 0 | L6: 4073329.5
A7: سدرة - للحلويات | B7: MAS | C7: عملاء اجل | D7: 15 of month | E7: Haddil Haron | F7: 1227970 | G7: 793521.9 | H7: 0 | I7: 0 | J7: 927344.29 | K7: 0 | L7: 2948836.2
A8: فوالا | B8: MAS | C8: عملاء اجل | D8: 60 يوم | E8: Haddil Haron | F8: 1824932.4 | G8: 485100.6 | H8: 17913 | I8: 0 | J8: 582364.27 | K8: 0 | L8: 2910310.3
A9: زانوبيا | B9: MAS | C9: عملاء اجل | D9: 15 of month | E9: Haddil Haron | F9: 979180 | G9: 352005 | H9: 832327.44 | I9: 210000 | J9: 0 | K9: 0 | L9: 2373512.4
A10: مصنع بريد فاست | B10: MAS | C10: عملاء اجل | D10: 30 يوماً | E10: Haddil Haron | F10: 2181891 | G10: 0 | H10: 0 | I10: 0 | J10: 46254.23 | K10: 0 | L10: 2228145.2
A11: ايتوال | B11: MAS | C11: عملاء اجل | D11: 15 of month | E11: Haddil Haron | F11: 2131901.2 | G11: 0 | H11: 0 | I11: 0 | J11: 0 | K11: 0 | L11: 2131901.2
A12: نولا | B12: MAS | C12: عملاء اجل | D12: 15 of month | E12: Haddil Haron | F12: 1293044 | G12: 769850.28 | H12: 0 | I12: 0 | J12: 0 | K12: 0 | L12: 2062894.3
A13: شركة الدهان لادارة المشروعات السياحية | B13: MAS | C13: عملاء اجل | D13: 10 يوماً | E13: Haddil Haron | F13: 0 | G13: 2004570.8 | H13: 0 | I13: 22223.47 | J13: 0 | K13: 0 | L13: 2026794.2
A14: سموزى برادايس | B14: MAS | C14: عملاء اجل | D14: 15 يوماً | E14: Haddil Haron | F14: 1039115.6 | G14: 545887.41 | H14: 0 | I14: 0 | J14: 154204.11 | K14: 0 | L14: 1739207.1
A15: توينكى | B15: MAS | C15: متجمد | D15: 0 | E15: Naden Amgad | F15: 0 | G15: 0 | H15: 0 | I15: 0 | J15: 0 | K15: 1478937 | L15: 1478937
A16: شركة وهمى | B16: MAS | C16: عملاء اجل | D16: 30 يوماً | E16: Haddil Haron | F16: 0 | G16: 39366 | H16: 12000 | I16: 0 | J16: 0 | K16: 1369387.2 | L16: 1420753.2
A17: ناديةمحمد عبد الغنى ابو طالب | B17: 0 | C17: عملاء كاش | D17: الدفع الفوري | E17: AbdElrhaman Farrag | F17: 0 | G17: 1409941.8 | I17: 0 | J17: 0 | K17: 0 | L17: 1409941.8
A18: جيت للتجارة والتوزيع JET- الاقاليم | B18: MAS | C18: عميل - مورد | D18: الدفع الفوري | E18: Amgad Ahmed | F18: 0 | G18: 1076699.3 | H18: 0 | I18: 0 | J18: 0 | K18: 0 | L18: 1076699.3
A19: شركة الرواد لتوريد المواد الغذائية | B19: 0 | C19: عميل - مورد | D19: 0 | E19: Amgad Ahmed | F19: 0 | G19: 459182.38 | I19: 304042.3 | J19: 275156.6 | K19: 0 | L19: 1038381.3
A20: ماتانا للمنتجات الغذائية | B20: MAS | C20: عملاء اجل | D20: 30 يوماً | E20: Haddil Haron | F20: 793900 | G20: 45351 | H20: 117104.29 | I20: 50018.22 | J20: 0 | K20: 0 | L20: 1006373.5
A21: طبالي | B21: MAS | C21: عملاء اجل | D21: 15 يوماً | E21: Haddil Haron | F21: 108057.25 | G21: 134100 | H21: 320187.3 | I21: 0 | J21: 416516.24 | K21: 0 | L21: 978860.79
A22: مصنع الرياده عطيه أمام | B22: Horeca Smart | C22: عملاء اجل | D22: 10 أيام بعد نهاية الشهر التالي | E22: Donia Khaled | F22: 587244.72 | G22: 361949.41 | I22: 0 | J22: 0 | K22: 0 | L22: 949193.02
A23: بابا جونز(فانتدج ايجيبت) | B23: MAS | C23: عملاء اجل | D23: 30 يوماً | E23: Haddil Haron | F23: 362102 | G23: 25244 | H23: 557422.66 | I23: 0 | J23: 200.78 | K23: 0 | L23: 944969.44
A24: حلواني بالمي | B24: Horeca Smart | C24: عملاء اجل | D24: 15 of month | E24: Mona Mohamed | F24: 701539.69 | G24: 232017.5 | H24: 105 | I24: 88.6 | J24: 0 | K24: 0 | L24: 933750.79
A25: مطعم مايند دن | B25: MAS | C25: عملاء اجل | D25: 30 يوماً | E25: Haddil Haron | F25: 864444.8 | G25: 61140.79 | H25: 0 | I25: 2.15 | J25: 19.95 | K25: 0 | L25: 925607.69
A26: Horeca Hub | B26: Horeca Smart | C26: عملاء اجل | D26: 15 يوماً | E26: Mona Mohamed | F26: 512598.6 | G26: 346479.17 | H26: 13999.96 | I26: 8598.52 | J26: 644.67 | K26: 0 | L26: 882320.92
A27: عم شلتت للمخبوزات | B27: MAS | C27: عملاء اجل | D27: 15 يوماً | E27: Haddil Haron | F27: 181421.5 | G27: 526133.5 | H27: 140516.95 | I27: 0 | J27: 0 | K27: 0 | L27: 848071.95
A28: بلبن | B28: MAS | C28: عملاء اجل | D28: 30 يوماً | E28: Haddil Haron | F28: 0 | G28: 183060 | H28: 1950 | I28: 0 | J28: 652132 | K28: 0 | L28: 837142
A29: Chicken Balalm | B29: MAS | C29: عملاء اجل | D29: 15 يوماً | E29: Haddil Haron | F29: 101600 | G29: 292710 | H29: 196237.96 | I29: 0 | J29: 227050 | K29: 0 | L29: 817597.96
A30: ميسو | B30: MAS | C30: عملاء اجل | D30: 0 | E30: Haddil Haron | F30: 0 | G30: 404942.6 | H30: 279956.75 | I30: 0 | J30: 0 | K30: 0 | L30: 684899.35
A31: Abela | B31: MAS | C31: عملاء اجل | D31: 30 يوماً | E31: Haddil Haron | F31: 210311.2 | G31: 267680.98 | H31: 164538 | I31: 0 | J31: 0 | K31: 0 | L31: 642530.18
A32: Simonds Bakery | B32: MAS | C32: عملاء اجل | D32: 15 يوماً | E32: Haddil Haron | F32: 205901.1 | G32: 433476 | H32: 0 | I32: 0 | J32: 0 | K32: 0 | L32: 639377.1
A33: حلواني بيست سويت | B33: MAS | C33: عملاء اجل | D33: 15 of month | E33: Haddil Haron | F33: 507299.44 | G33: 66995.85 | H33: 7855.5 | I33: 0 | J33: 0 | K33: 0 | L33: 582150.79
A34: مونجينى | B34: MAS | C34: عملاء اجل | D34: 15 of month | E34: Haddil Haron | F34: 0 | G34: 0 | H34: 0 | I34: 317400 | J34: 221580.74 | K34: 0 | L34: 538980.74
A35: كبدة الفلاح - الالف مصنع | B35: MAS | C35: متجمد | D35: 0 | E35: Donia Khaled | F35: 0 | G35: 0 | H35: 0 | I35: 0 | J35: 0 | K35: 515589.97 | L35: 515589.97
A36: السويفى ( عميل ومورد ) | B36: MAS | C36: عميل - مورد | D36: الدفع الفوري | E36: Haddil Haron | F36: 0 | G36: 0 | H36: 487719 | K36: 0 | L36: 487719
A37: لينورا للحلويات والمخبوزات | B37: MAS | C37: عملاء اجل | D37: 15 of month | E37: Haddil Haron | F37: 137786 | G37: 206009.15 | H37: 103415.65 | I37: 0 | J37: 0 | K37: 0 | L37: 447210.8
A38: شركة جيت | B38: MAS | C38: عملاء كاش | D38: الدفع الفوري | E38: Haddil Haron | F38: 0 | G38: 422992.8 | H38: 0 | I38: 0 | J38: 0 | K38: 0 | L38: 422992.8
A39: بهيج | B39: MAS | C39: عملاء اجل | D39: 30 يوماً | E39: Haddil Haron | F39: 0 | G39: 0 | H39: 0 | I39: 0 | J39: 408176.14 | K39: 0 | L39: 408176.14
A40: احمد يوسف ( عميل و مورد ) | B40: MAS | C40: عميل - مورد | D40: 5 Days | E40: Haddil Haron | F40: 0 | G40: 0 | H40: 0 | I40: 0 | J40: 363946.82 | K40: 0 | L40: 363946.82
A41: Burger Republic | B41: Horeca Smart | C41: عملاء اجل | D41: 15 of month | E41: Mona Mohamed | F41: 76000 | G41: 0 | H41: 286488.73 | I41: 0 | J41: 0 | K41: 0 | L41: 362488.73
A42: حلواني العبد | B42: MAS | C42: عملاء اجل | D42: 15 of month | E42: Haddil Haron | F42: 143634.47 | G42: 141109.47 | H42: 66240.09 | I42: 0 | J42: 1945.79 | K42: 0 | L42: 352929.82
A43: فرست كلاس | B43: MAS | C43: عملاء اجل | D43: 15 يوماً | E43: Haddil Haron | F43: 0 | G43: 248600 | H43: 79511.85 | J43: 20319 | K43: 0 | L43: 348430.85
A44: ساليه سوكريه | B44: MAS | C44: عملاء اجل | D44: 15 يوماً | E44: Haddil Haron | F44: 210000 | G44: 132355 | H44: 0 | I44: 0 | J44: 0 | K44: 0 | L44: 342355
A45: ريفولى | B45: MAS | C45: عملاء اجل | D45: 30 يوماً | E45: Haddil Haron | F45: 143726.75 | G45: 27866 | H45: 62442.7 | I45: 0 | J45: 96706.42 | K45: 0 | L45: 330741.87
A46: رويال جروب | B46: MAS | C46: عملاء اجل | D46: 15 of month | E46: Haddil Haron | F46: 77152.6 | G46: 0 | H46: 0 | I46: 0 | J46: 0 | K46: 248874.02 | L46: 326026.62
A47: شركة أنفستمينت جيت للصناعات الغذائية | B47: MAS | C47: عملاء اجل | D47: 15 يوماً | E47: Haddil Haron | F47: 88463.8 | G47: 131283.2 | H47: 86182.18 | I47: 501.63 | J47: 3009.81 | K47: 0 | L47: 309440.62
A48: شركة تارجت للمواد الغذائية | B48: MAS | C48: عملاء اجل | D48: 15 of month | E48: Haddil Haron | F48: 256587.4 | G48: 47735.61 | H48: 0 | I48: 0 | J48: 0 | K48: 0 | L48: 304323.01
A49: مصر لمستلزمات المخابز | B49: MAS | C49: عملاء كاش | D49: الدفع الفوري | E49: Haddil Haron | F49: 0 | G49: 303279.22 | H49: 0 | I49: 0 | J49: 8.63 | K49: 0 | L49: 303287.85
A50: اما سوشي | B50: Horeca Smart | C50: عملاء اجل | D50: 15 يوماً | E50: Reham Maher | F50: 240000 | G50: 24000 | H50: 0 | I50: 0 | J50: 36173.51 | K50: 0 | L50: 300173.51
A51: شركة عزايم للصناعات الغذائية (ديوكس) | B51: MAS | C51: عملاء اجل | D51: 15 of month | E51: Haddil Haron | F51: 157394.18 | G51: 0 | H51: 22032.9 | I51: 107008.7 | J51: 1.1 | K51: 0 | L51: 286436.88
A52: مستشفي وادي النيل | B52: MAS | C52: عملاء كاش | D52: الدفع الفوري | E52: Haddil Haron | F52: 0 | G52: 280185.75 | H52: 0 | I52: 0 | J52: 0 | K52: 0 | L52: 280185.75
A53: Brunch and Cake | B53: MAS | C53: متجمد | D53: 0 | E53: Mona Mohamed | F53: 0 | G53: 0 | H53: 0 | J53: 257197.93 | K53: 0 | L53: 257197.93
A54: هريدى للتوريدات (عميل - مورد) | B54: MAS | C54: عميل - مورد | D54: 0 | E54: Haddil Haron | F54: 172390 | G54: 0 | H54: 70381.5 | I54: 6853.66 | J54: 0 | K54: 0 | L54: 249625.16
A55: khf for food industries | B55: MAS | C55: عملاء كاش | D55: الدفع الفوري | E55: Mona Mohamed | F55: 0 | G55: 74827.8 | H55: 168337.8 | I55: 0 | J55: 0 | K55: 0 | L55: 243165.6
A56: شركة شرق الدلتا لادارة المطاعم | B56: Horeca Smart | C56: عملاء اجل | D56: 30 يوماً | E56: Mona Mohamed | F56: 104415.12 | G56: 99948.75 | H56: 0 | I56: 0 | J56: 32765 | K56: 0 | L56: 237128.87
A57: شركة كلاودز ايجيبت | B57: MAS | C57: عملاء اجل | D57: 30 يوماً | E57: Haddil Haron | F57: 115849 | G57: 0 | H57: 71815.47 | I57: 21960 | J57: 19632.72 | K57: 0 | L57: 229257.19
A58: ماجيستي | B58: MAS | C58: عملاء اجل | D58: 30 يوماً | E58: Haddil Haron | F58: 227168.4 | G58: 0 | H58: 0 | K58: 0 | L58: 227168.4
A59: شركة المدينة للتوريدات ( عميل - مورد ) | B59: MAS | C59: عميل - مورد | D59: 0 | E59: Haddil Haron | F59: 0 | G59: 280 | H59: 0 | I59: 0 | J59: 179336.25 | K59: 0 | L59: 179616.25
A60: محمد عيد توريدات | B60: MAS | C60: عملاء كاش | D60: الدفع الفوري | E60: Haddil Haron | F60: 0 | G60: 88100 | H60: 70802 | I60: 20385 | J60: 0 | K60: 0 | L60: 179287
A61: Butlers & Co Catering | B61: MAS | C61: عملاء كاش | D61: الدفع الفوري | E61: Haddil Haron | F61: 0 | G61: 170910.17 | H61: 91 | K61: 0 | L61: 171001.17
A62: مبيعات موظفين | B62: 0 | C62: موظفين | D62: 0 | E62: Haddil Haron | F62: 0 | G62: 7279 | H62: 37736.3 | I62: 1628.05 | J62: 123507.45 | K62: 0 | L62: 170150.8
A63: Kyoto Sushi | B63: Horeca Smart | C63: عملاء كاش | D63: الدفع الفوري | E63: Naden Amgad | F63: 49050 | G63: 119142.16 | H63: 0 | I63: 0 | J63: 989.75 | K63: 0 | L63: 169181.91
A64: شركة اوشن | B64: MAS | C64: عملاء اجل | D64: 30 يوماً | E64: Haddil Haron | F64: 164444.1 | G64: 0 | H64: 0 | I64: 0 | J64: 1.7 | K64: 0 | L64: 164445.8
A65: أبومحرم للحلويات | B65: MAS | C65: عملاء اجل | D65: 10 أيام بعد نهاية الشهر التالي | E65: Haddil Haron | F65: 162200 | H65: 94 | I65: 0 | J65: 1.4 | K65: 0 | L65: 162295.4
A66: Heart Attack | B66: MAS | C66: متجمد | D66: 15 يوماً | E66: Mona Mohamed | F66: 0 | G66: 0 | H66: 0 | I66: 0 | J66: 0 | K66: 161595.95 | L66: 161595.95
A67: PAO | B67: Horeca Smart | C67: عملاء اجل | D67: 45 يوماً | E67: Naden Amgad | F67: 0 | G67: 0 | H67: 0 | I67: 0 | J67: 160893.96 | K67: 0 | L67: 160893.96
A68: شركه مكة - بيتزا ستاف | B68: 0 | C68: عملاء اجل | D68: 15 of month | E68: Haddil Haron | F68: 126787.88 | G68: 0 | H68: 0 | J68: 32757.99 | K68: 0 | L68: 159545.87
A69: عبد ربه | B69: MAS | C69: عملاء اجل | D69: 15 يوماً | E69: Haddil Haron | F69: 0 | G69: 152000 | H69: 0 | I69: 0 | J69: 0 | K69: 0 | L69: 152000
A70: مطعم القنبلة | B70: Horeca Smart | C70: عملاء كاش | D70: الدفع الفوري | E70: Reham Maher | F70: 0 | G70: 22361.4 | H70: 3408.95 | I70: 2686.56 | J70: 121751.56 | K70: 0 | L70: 150208.47
A71: الفتح - العبور | B71: MAS | C71: عملاء اجل | D71: 30 يوماً | E71: Haddil Haron | F71: 118768 | G71: 0 | H71: 0 | I71: 0 | J71: 30545.9 | K71: 0 | L71: 149313.9
A72: TBS | B72: MAS | C72: عملاء اجل | D72: 30 يوماً | E72: Haddil Haron | F72: 0 | G72: 124488 | H72: 0 | I72: 0 | J72: 0 | K72: 0 | L72: 124488
A73: توريقه | B73: MAS | C73: عملاء كاش | D73: الدفع الفوري | E73: Haddil Haron | F73: 0 | G73: 0 | H73: 0 | I73: 0 | J73: 118115.35 | K73: 0 | L73: 118115.35
A74: حلواني طيبه | B74: Horeca Smart | C74: عملاء كاش | D74: الدفع الفوري | E74: Mona Mohamed | F74: 0 | G74: 106070 | H74: 0 | I74: 0 | J74: 0 | K74: 0 | L74: 106070
A75: فندق مارشاربل | B75: Horeca Smart | C75: عملاء اجل | D75: 30 يوماً | E75: Naden Amgad | F75: 80254.76 | G75: 11818.28 | H75: 3852.72 | I75: 0 | J75: 8894.72 | K75: 0 | L75: 104820.48
A76: اوز لإدارة المطاعم | B76: Horeca Smart | C76: عملاء اجل | D76: 15 يوماً | E76: Mona Mohamed | F76: 51280 | G76: 45660 | H76: 0 | I76: 0 | J76: 5019.63 | K76: 0 | L76: 101959.63
A77: Meansun | B77: MAS | C77: عملاء كاش | D77: الدفع الفوري | E77: Haddil Haron | F77: 99529.4 | G77: 0 | H77: 0 | I77: 0 | J77: 0 | K77: 0 | L77: 99529.4
A78: شركة جراند لتعبئة وتجارة المواد الغذائية | B78: MAS | C78: عملاء اجل | D78: 30 يوماً | E78: Haddil Haron | F78: 0 | G78: 0 | H78: 0 | I78: 0 | J78: 90199.4 | K78: 0 | L78: 90199.4
A79: Hashvill | B79: Horeca Smart | C79: عملاء كاش | D79: الدفع الفوري | E79: Mona Mohamed | F79: 0 | G79: 89600 | H79: 0 | I79: 0 | J79: 0 | K79: 0 | L79: 89600
A80: ماندرين قويدر | B80: MAS | C80: عملاء اجل | D80: 15 of month | E80: Haddil Haron | F80: 76196.45 | G80: 1.25 | H80: 0 | I80: 0 | J80: 12144.61 | K80: 0 | L80: 88342.31
A81: ضياء حسن الراشدين | B81: 0 | C81: عملاء كاش | D81: الدفع الفوري | E81: Haddil Haron | F81: 0 | G81: 87014.1 | H81: 0 | I81: 0 | J81: 0 | K81: 0 | L81: 87014.1
A82: شركة ثرتي نورث | B82: MAS | C82: عملاء اجل | D82: 15 of month | E82: Haddil Haron | F82: 86999.15 | G82: 0 | H82: 0 | K82: 0 | L82: 86999.5
A83: مطعم فالنسيا | B83: Horeca Smart | C83: عملاء كاش | D83: الدفع الفوري | E83: Mona Mohamed | F83: 0 | G83: 84077.3 | H83: 74.3 | I83: 0 | J83: 0 | K83: 0 | L83: 84151.6
A84: مصنع كانيلي | B84: MAS | C84: عملاء كاش | D84: الدفع الفوري | E84: Haddil Haron | F84: 0 | G84: 52467.54 | H84: 31093.95 | I84: 448.95 | J84: 0 | K84: 0 | L84: 84010.44
A85: مبيعات نقدي | B85: 0 | C85: عملاء كاش | D85: الدفع الفوري | E85: Haddil Haron | F85: 0 | G85: 0 | H85: 36201 | I85: 27355 | J85: 11184.04 | K85: 0 | L85: 74740.04
A86: جمعية محبي الزكاة | B86: MAS | C86: عملاء اجل | D86: 0 | E86: Haddil Haron | F86: 70650 | G86: 0 | H86: 0 | I86: 0 | J86: 0 | K86: 0 | L86: 70650
A87: كشري ابوطارق | B87: MAS | C87: عملاء كاش | D87: الدفع الفوري | E87: Haddil Haron | F87: 0 | G87: 67725 | H87: 1245 | I87: 0 | J87: 0 | K87: 0 | L87: 68970
A88: شركة الفريدة للحلويات | B88: MAS | C88: عملاء كاش | D88: الدفع الفوري | E88: Haddil Haron | F88: 0 | G88: 67537.85 | H88: 0.24 | I88: 0 | J88: 0 | K88: 0 | L88: 67538.09
A89: مؤسسة مصر التجارية | B89: MAS | C89: عملاء اجل | D89: 0 | E89: Haddil Haron | F89: 64658.25 | G89: 0 | H89: 0.5 | I89: 0 | J89: 17.5 | K89: 0 | L89: 64676.25
A90: الصادق للتوريدات | B90: Horeca Smart | C90: عملاء كاش | D90: الدفع الفوري | E90: Mona Mohamed | F90: 0 | G90: 0 | H90: 0 | I90: 0 | J90: 0 | K90: 64142.23 | L90: 64142.23
A91: Sushi Gate | B91: Horeca Smart | C91: عملاء كاش | D91: الدفع الفوري | E91: Naden Amgad | F91: 0 | G91: 61519.87 | H91: 0 | I91: 0 | J91: 0 | K91: 0 | L91: 61519.87
A92: كوبر ميلت للاغذية | B92: MAS | C92: عملاء اجل | D92: 0 | E92: Haddil Haron | F92: 0 | G92: 60121.6 | H92: 0 | I92: 0 | J92: 0 | K92: 0 | L92: 60121.6
A93: سميحه | B93: MAS | C93: عملاء كاش | D93: الدفع الفوري | E93: Haddil Haron | F93: 0 | G93: 0 | H93: 42435 | I93: 0 | J93: 17342.5 | K93: 0 | L93: 59777.5
A94: كافيه ومطعم ركشا | B94: Horeca Smart | C94: عملاء اجل | D94: 21 يوماً | E94: Lames Magdy | F94: 7728 | G94: 30378.78 | I94: 19837.45 | J94: 0 | K94: 0 | L94: 57944.23
A95: شركه المحلاوي | B95: 0 | C95: عملاء كاش | D95: الدفع الفوري | E95: 0 | F95: 0 | G95: 0 | H95: 0 | I95: 0 | J95: 0 | K95: 55000 | L95: 55000
A96: هوست ان لادارة المطاعم والفنادق | B96: MAS | C96: عملاء كاش | D96: الدفع الفوري | E96: Haddil Haron | F96: 0 | G96: 52538.13 | H96: 0 | I96: 0 | J96: 0 | K96: 0 | L96: 52538.13
A97: 8back Burgers | B97: Horeca Smart | C97: عملاء كاش | D97: الدفع الفوري | E97: Lames Magdy | F97: 0 | G97: 52439.33 | H97: 0 | I97: 0 | J97: 0 | K97: 0 | L97: 52439.33
A98: Three Dinner - Chefs Studio | B98: Horeca Smart | C98: عملاء اجل | D98: 30 يوماً | E98: Reham Maher | F98: 12350 | G98: 0 | H98: 0 | I98: 38659.54 | J98: 0 | K98: 0 | L98: 51009.54
A99: هانى - فريدام | B99: MAS | C99: عملاء كاش | D99: الدفع الفوري | E99: Haddil Haron | F99: 0 | G99: 51000 | H99: 0 | I99: 0 | J99: 0 | K99: 0 | L99: 51000
A100: شركة اسينا للمقاولات | B100: MAS | C100: عملاء كاش | D100: الدفع الفوري | E100: Haddil Haron | F100: 0 | G100: 0 | H100: 150 | I100: 0 | J100: 0 | K100: 50000 | L100: 50150
A101: Mahmoud Khalil | B101: 0 | C101: موظفين | D101: 0 | E101: 0 | F101: 0 | G101: 0 | H101: 0 | I101: 0 | J101: 49411.5 | K101: 0 | L101: 49411.5
...

Sheet 02-09
A1: المتأخر المدين حتى 02-09-2026
A3: المتأخر المدين | B3: الشركة | C3: علامات التصنيف | D3: شروط السداد للعميل | E3: مندوب المبيعات | F3: بتاريخ | G3: 1-30 | H3: 31-60 | I3: 61-90 | J3: 91-120 | K3: أقدم | L3: الإجمالي
F4: =SUBTOTAL(9,F5:F257) -> 23314907 | G4: =SUBTOTAL(9,G5:G257) -> 18962081 | H4: =SUBTOTAL(9,H5:H257) -> 7619991.9 | I4: =SUBTOTAL(9,I5:I257) -> -854074.65 | J4: =SUBTOTAL(9,J5:J257) -> 8834090.9 | K4: =SUBTOTAL(9,K5:K257) -> 3994898.9 | L4: =SUBTOTAL(9,L5:L257) -> 61871896
A5: خالد حسين (عميل - مورد) | B5: 0 | C5: عميل - مورد | D5: 0 | E5: Haddil Haron | F5: 0 | G5: 5288126 | H5: 3877405.2 | I5: 0 | J5: 886378.79 | K5: 0 | L5: 10051910
A6: تسيباس اوول فوود | B6: MAS | C6: عملاء اجل | D6: 30 يوماً | E6: Haddil Haron | F6: 2300096 | G6: 680123.89 | H6: 246187.5 | I6: 0 | J6: 190187.66 | K6: 0 | L6: 3416595.1
A7: زانوبيا | B7: MAS | C7: عملاء اجل | D7: 15 of month | E7: Haddil Haron | F7: 1225775 | G7: 352005 | H7: 832327.44 | I7: 210000 | J7: 0 | K7: 0 | L7: 2620107.4
A8: سموزى برادايس | B8: MAS | C8: عملاء اجل | D8: 15 يوماً | E8: Haddil Haron | F8: 1752877.4 | G8: 545887.41 | H8: 0 | I8: 0 | J8: 154204.11 | K8: 0 | L8: 2452968.9
A9: سدرة - للحلويات | B9: MAS | C9: عملاء اجل | D9: 15 of month | E9: Haddil Haron | F9: 1286784.6 | G9: 218751.05 | H9: 0 | I9: 0 | J9: 927344.29 | K9: 0 | L9: 2432880
A10: فوالا | B10: MAS | C10: عملاء اجل | D10: 60 يوم | E10: Haddil Haron | F10: 1324932.4 | G10: 485100.6 | H10: 17913 | I10: 0 | J10: 582364.27 | K10: 0 | L10: 2410310.3
A11: مصنع بريد فاست | B11: MAS | C11: عملاء اجل | D11: 30 يوماً | E11: Haddil Haron | F11: 2181891 | G11: 0 | H11: 0 | I11: 0 | J11: 46254.23 | K11: 0 | L11: 2228145.2
A12: ايتوال | B12: MAS | C12: عملاء اجل | D12: 15 of month | E12: Haddil Haron | F12: 2131901.2 | G12: 0 | H12: 0 | I12: 0 | J12: 0 | K12: 0 | L12: 2131901.2
A13: نولا | B13: MAS | C13: عملاء اجل | D13: 15 of month | E13: Haddil Haron | F13: 1293044 | G13: 769850.28 | H13: 0 | I13: 0 | J13: 0 | K13: 0 | L13: 2062894.3
A14: شركة الدهان لادارة المشروعات السياحية | B14: MAS | C14: عملاء اجل | D14: 10 يوماً | E14: Haddil Haron | F14: 0 | G14: 2004570.8 | H14: 0 | I14: 22223.47 | J14: 0 | K14: 0 | L14: 2026794.2
A15: توينكى | B15: MAS | C15: متجمد | D15: 0 | E15: Naden Amgad | F15: 0 | G15: 0 | H15: 0 | I15: 0 | K15: 1478937 | L15: 1478937
A16: شركة وهمى | B16: MAS | C16: عملاء اجل | D16: 30 يوماً | E16: Haddil Haron | F16: 0 | G16: 39366 | H16: 12000 | I16: 0 | K16: 1369387.2 | L16: 1420753.2
A17: جيت للتجارة والتوزيع JET | B17: MAS | F17: 0 | G17: 1293071.2 | H17: 0 | I17: 0 | J17: 0 | K17: 0 | L17: 1293071.2
A18: ماتانا للمنتجات الغذائية | B18: MAS | C18: عملاء اجل | D18: 30 يوماً | E18: Haddil Haron | F18: 793900 | G18: 45351 | H18: 117104.29 | I18: 50018.22 | J18: 0 | K18: 0 | L18: 1006373.5
A19: مطعم مايند دن | B19: MAS | C19: عملاء اجل | D19: 30 يوماً | E19: Haddil Haron | F19: 943754.72 | G19: 61140.79 | H19: 0 | I19: 2.15 | J19: 19.95 | K19: 0 | L19: 1004917.6
A20: طبالي | B20: MAS | C20: عملاء اجل | D20: 15 يوماً | E20: Haddil Haron | F20: 108057.25 | G20: 134100 | H20: 320187.3 | I20: 0 | J20: 416516.24 | K20: 0 | L20: 978860.79
A21: مصنع الرياده عطيه أمام | B21: Horeca Smart | C21: عملاء اجل | D21: 10 أيام بعد نهاية الشهر التالي | E21: Donia Khaled | F21: 587244.72 | G21: 374800.61 | H21: -1.11 | I21: 0 | J21: 0 | K21: 0 | L21: 962044.22
A22: بابا جونز(فانتدج ايجيبت) | B22: MAS | C22: عملاء اجل | D22: 30 يوماً | E22: Haddil Haron | F22: 362102 | G22: 25244 | H22: 557422.66 | I22: 0 | J22: 200.78 | K22: 0 | L22: 944969.44
A23: عم شلتت للمخبوزات | B23: MAS | C23: عملاء اجل | D23: 15 يوماً | E23: Haddil Haron | F23: 367636.5 | G23: 526133.5 | H23: 40516.95 | I23: 0 | J23: 0 | K23: 0 | L23: 934286.95
A24: حلواني بالمي | B24: Horeca Smart | C24: عملاء اجل | D24: 15 of month | E24: Mona Mohamed | F24: 701539.69 | G24: 231730 | H24: 392.5 | I24: 88.6 | J24: 0 | K24: 0 | L24: 933750.79
A25: Horeca Hub | B25: Horeca Smart | C25: عملاء اجل | D25: 15 يوماً | E25: Mona Mohamed | F25: 802188.6 | G25: 79487.65 | H25: 0 | I25: 0 | J25: 644.67 | K25: 0 | L25: 882320.92
A26: شركة الرواد لتوريد المواد الغذائية | B26: 0 | C26: عميل - مورد | D26: 0 | E26: Amgad Ahmed | F26: 58925 | G26: 379657.38 | H26: -100000 | I26: 256042.3 | J26: 275156.6 | K26: 0 | L26: 869781.28
A27: بلبن | B27: MAS | C27: عملاء اجل | D27: 30 يوماً | E27: Haddil Haron | F27: 0 | G27: 183060 | H27: 1950 | I27: 0 | J27: 652132 | K27: 0 | L27: 837142
A28: Chicken Balalm | B28: MAS | C28: عملاء اجل | D28: 15 يوماً | E28: Haddil Haron | F28: 218600 | G28: 192710 | H28: 116237.96 | I28: 0 | J28: 227050 | K28: 0 | L28: 754597.96
A29: ميسو | B29: MAS | C29: عملاء اجل | D29: 0 | E29: Haddil Haron | F29: 0 | G29: 404942.6 | H29: 279956.75 | I29: 0 | J29: 0 | K29: 0 | L29: 684899.35
A30: Simonds Bakery | B30: MAS | C30: عملاء اجل | D30: 15 يوماً | E30: Haddil Haron | F30: 205901.1 | G30: 433476 | H30: 0 | I30: 0 | J30: 0 | K30: 0 | L30: 639377.1
A31: ناديةمحمد عبد الغنى ابو طالب | B31: 0 | C31: عملاء كاش | D31: الدفع الفوري | E31: AbdElrhaman Farrag | F31: 0 | G31: 774942.4 | H31: -160000.6 | I31: 0 | J31: 0 | K31: 0 | L31: 614941.8
A32: لينورا للحلويات والمخبوزات | B32: MAS | C32: عملاء اجل | D32: 15 of month | E32: Haddil Haron | F32: 283331.76 | G32: 206009.15 | H32: 103415.65 | I32: 0 | J32: 0 | K32: 0 | L32: 592756.56
A33: حلواني بيست سويت | B33: MAS | C33: عملاء اجل | D33: 15 of month | E33: Haddil Haron | F33: 507299.44 | G33: 66995.85 | H33: 7855.5 | I33: 0 | J33: 0 | K33: 0 | L33: 582150.79
A34: مونجينى | B34: MAS | C34: عملاء اجل | D34: 15 of month | E34: Haddil Haron | F34: 0 | G34: 0 | H34: 0 | I34: 317400 | J34: 221580.74 | K34: 0 | L34: 538980.74
A35: كبدة الفلاح - الالف مصنع | B35: MAS | C35: متجمد | D35: 0 | E35: Donia Khaled | F35: 0 | G35: 0 | H35: 0 | I35: 0 | K35: 515589.97 | L35: 515589.97
A36: Burger Republic | B36: Horeca Smart | C36: عملاء اجل | D36: 15 of month | E36: Mona Mohamed | F36: 228000 | G36: -256211.48 | H36: 286488.73 | I36: 0 | J36: 256211.48 | K36: 0 | L36: 514488.73
A37: السويفى ( عميل ومورد ) | B37: MAS | C37: عميل - مورد | D37: الدفع الفوري | E37: Haddil Haron | F37: 0 | G37: 0 | H37: 487719 | I37: -1103289 | J37: 1103289 | K37: 0 | L37: 487719
A38: شركة جيت | B38: MAS | C38: عملاء كاش | D38: الدفع الفوري | E38: Haddil Haron | F38: 0 | G38: 422992.8 | H38: 0 | I38: 0 | J38: 0 | K38: 0 | L38: 422992.8
A39: بهيج | B39: MAS | C39: عملاء اجل | D39: 30 يوماً | E39: Haddil Haron | F39: 0 | G39: 0 | H39: 0 | I39: 0 | J39: 408176.14 | K39: 0 | L39: 408176.14
A40: شركة تارجت للمواد الغذائية | B40: MAS | C40: عملاء اجل | D40: 15 of month | E40: Haddil Haron | F40: 322827.49 | G40: 47735.61 | H40: 0 | I40: 0 | J40: 0 | K40: 0 | L40: 370563.1
A41: Abela | B41: MAS | C41: عملاء اجل | D41: 30 يوماً | E41: Haddil Haron | F41: 361686.16 | G41: 4388.07 | H41: 0 | I41: 0 | J41: 0 | K41: 0 | L41: 366074.23
A42: احمد يوسف ( عميل و مورد ) | B42: MAS | C42: عميل - مورد | D42: 5 Days | E42: Haddil Haron | F42: 0 | G42: 0 | H42: 0 | I42: 0 | J42: 363946.82 | K42: 0 | L42: 363946.82
A43: فرست كلاس | B43: MAS | C43: عملاء اجل | D43: 15 يوماً | E43: Haddil Haron | F43: 0 | G43: 248600 | H43: 79511.85 | I43: -14366 | J43: 34685 | K43: 0 | L43: 348430.85
A44: ساليه سوكريه | B44: MAS | C44: عملاء اجل | D44: 15 يوماً | E44: Haddil Haron | F44: 210000 | G44: 132355 | H44: 0 | I44: 0 | J44: 0 | K44: 0 | L44: 342355
A45: ريفولى | B45: MAS | C45: عملاء اجل | D45: 30 يوماً | E45: Haddil Haron | F45: 143726.75 | G45: 27866 | H45: 62442.7 | I45: 0 | J45: 96706.42 | K45: 0 | L45: 330741.87
A46: رويال جروب | B46: MAS | C46: عملاء اجل | D46: 15 of month | E46: Haddil Haron | F46: 77152.6 | G46: 0 | H46: 0 | I46: 0 | K46: 248874.02 | L46: 326026.62
A47: مصر لمستلزمات المخابز | B47: MAS | C47: عملاء كاش | D47: الدفع الفوري | E47: Haddil Haron | F47: 0 | G47: 320002.57 | H47: 0 | I47: 0 | J47: 8.63 | K47: 0 | L47: 320011.2
A48: شركة أنفستمينت جيت للصناعات الغذائية | B48: MAS | C48: عملاء اجل | D48: 15 يوماً | E48: Haddil Haron | F48: 88463.8 | G48: 131283.2 | H48: 86182.18 | I48: 501.63 | J48: 3009.81 | K48: 0 | L48: 309440.62
A49: اما سوشي | B49: Horeca Smart | C49: عملاء اجل | D49: 15 يوماً | E49: Reham Maher | F49: 240000 | G49: 24000 | H49: 0 | I49: 0 | J49: 36173.51 | K49: 0 | L49: 300173.51
A50: شركة عزايم للصناعات الغذائية (ديوكس) | B50: MAS | C50: عملاء اجل | D50: 15 of month | E50: Haddil Haron | F50: 157394.18 | G50: 0 | H50: 22032.9 | I50: 107008.7 | J50: 1.1 | K50: 0 | L50: 286436.88
A51: مستشفي وادي النيل | B51: MAS | C51: عملاء كاش | D51: الدفع الفوري | E51: Haddil Haron | F51: 0 | G51: 280185.75 | H51: 0 | I51: 0 | J51: 0 | K51: 0 | L51: 280185.75
A52: Brunch and Cake | B52: MAS | C52: متجمد | D52: 0 | E52: Mona Mohamed | F52: 0 | G52: 0 | H52: 0 | I52: -20000 | J52: 277197.93 | K52: 0 | L52: 257197.93
A53: هريدى للتوريدات (عميل - مورد) | B53: MAS | C53: عميل - مورد | D53: 0 | E53: Haddil Haron | F53: 172390 | G53: 0 | H53: 70381.5 | I53: 6853.66 | J53: 0 | K53: 0 | L53: 249625.16
A54: khf for food industries | B54: MAS | C54: عملاء كاش | D54: الدفع الفوري | E54: Mona Mohamed | F54: 0 | G54: 74827.8 | H54: 168337.8 | I54: 0 | J54: 0 | K54: 0 | L54: 243165.6
A55: شركة شرق الدلتا لادارة المطاعم | B55: Horeca Smart | C55: عملاء اجل | D55: 30 يوماً | E55: Mona Mohamed | F55: 104415.12 | G55: 99948.75 | H55: 0 | I55: 0 | J55: 32765 | K55: 0 | L55: 237128.87
A56: شركة كلاودز ايجيبت | B56: MAS | C56: عملاء اجل | D56: 30 يوماً | E56: Haddil Haron | F56: 115849 | G56: 0 | H56: 71815.47 | I56: 21960 | J56: 19632.72 | K56: 0 | L56: 229257.19
A57: ماجيستي | B57: MAS | C57: عملاء اجل | D57: 30 يوماً | E57: Haddil Haron | F57: 227168.4 | G57: 0 | H57: 0 | I57: -113340 | J57: 113340 | K57: 0 | L57: 227168.4
A58: شركة اوشن | B58: MAS | C58: عملاء اجل | D58: 30 يوماً | E58: Haddil Haron | F58: 187723.45 | G58: 0 | H58: 0 | I58: 0 | J58: 1.7 | K58: 0 | L58: 187725.15
A59: شركة المدينة للتوريدات ( عميل - مورد ) | B59: MAS | C59: عميل - مورد | D59: 0 | E59: Haddil Haron | F59: 0 | G59: 280 | H59: 0 | I59: 0 | J59: 179336.25 | K59: 0 | L59: 179616.25
A60: Butlers & Co Catering | B60: MAS | C60: عملاء كاش | D60: الدفع الفوري | E60: Haddil Haron | F60: 0 | G60: 170910.17 | H60: 91 | I60: -17783 | J60: 17783 | K60: 0 | L60: 171001.17
A61: Kyoto Sushi | B61: Horeca Smart | C61: عملاء كاش | D61: الدفع الفوري | E61: Naden Amgad | F61: 49050 | G61: 114662.16 | H61: 4480 | I61: 0 | J61: 989.75 | K61: 0 | L61: 169181.91
A62: أبومحرم للحلويات | B62: MAS | C62: عملاء اجل | D62: 10 أيام بعد نهاية الشهر التالي | E62: Haddil Haron | F62: 162200 | G62: 0 | H62: 94 | I62: 0 | J62: 1.4 | K62: 0 | L62: 162295.4
A63: Heart Attack | B63: MAS | C63: متجمد | D63: 15 يوماً | E63: Mona Mohamed | F63: 0 | G63: 0 | H63: 0 | I63: 0 | K63: 161595.95 | L63: 161595.95
A64: PAO | B64: Horeca Smart | C64: عملاء اجل | D64: 45 يوماً | E64: Naden Amgad | F64: 0 | G64: 0 | H64: 0 | I64: 0 | J64: 160893.96 | K64: 0 | L64: 160893.96
A65: شركه مكة - بيتزا ستاف | B65: 0 | C65: عملاء اجل | D65: 15 of month | E65: Haddil Haron | F65: 126787.88 | G65: 0 | H65: 0 | I65: -75444.54 | J65: 108202.53 | K65: 0 | L65: 159545.87
A66: عبد ربه | B66: MAS | C66: عملاء اجل | D66: 15 يوماً | E66: Haddil Haron | F66: 0 | G66: 152000 | H66: 0 | I66: 0 | J66: 0 | K66: 0 | L66: 152000
A67: مطعم القنبلة | B67: Horeca Smart | C67: عملاء كاش | D67: الدفع الفوري | E67: Reham Maher | F67: 0 | G67: 22361.4 | H67: 3408.95 | I67: 2686.56 | J67: 121751.56 | K67: 0 | L67: 150208.47
A68: الفتح - العبور | B68: MAS | C68: عملاء اجل | D68: 30 يوماً | E68: Haddil Haron | F68: 118768 | G68: 0 | H68: 0 | I68: 0 | J68: 30545.9 | K68: 0 | L68: 149313.9
A69: حلواني العبد | B69: MAS | C69: عملاء اجل | D69: 15 of month | E69: Haddil Haron | F69: 143634.47 | G69: -66238.64 | H69: 66240.09 | I69: 0 | J69: 1945.79 | K69: 0 | L69: 145581.71
A70: توريقه | B70: MAS | C70: عملاء كاش | D70: الدفع الفوري | E70: Haddil Haron | F70: 0 | G70: 0 | H70: 0 | I70: 0 | J70: 118115.35 | K70: 0 | L70: 118115.35
A71: حلواني طيبه | B71: Horeca Smart | C71: عملاء كاش | D71: الدفع الفوري | E71: Mona Mohamed | F71: 0 | G71: 106070 | H71: 0 | I71: 0 | J71: 0 | K71: 0 | L71: 106070
A72: فندق مارشاربل | B72: Horeca Smart | C72: عملاء اجل | D72: 30 يوماً | E72: Naden Amgad | F72: 80254.76 | G72: 11818.28 | H72: 3852.72 | I72: 0 | J72: 8894.72 | K72: 0 | L72: 104820.48
A73: اوز لإدارة المطاعم | B73: Horeca Smart | C73: عملاء اجل | D73: 15 يوماً | E73: Mona Mohamed | F73: 51280 | G73: 45660 | H73: 0 | I73: 0 | J73: 5019.63 | K73: 0 | L73: 101959.63
A74: هانى - فريدام | B74: MAS | C74: عملاء كاش | D74: الدفع الفوري | E74: Haddil Haron | F74: 93665 | G74: 0 | H74: 0 | I74: 0 | J74: 0 | K74: 0 | L74: 93665
A75: شركة جراند لتعبئة وتجارة المواد الغذائية | B75: MAS | C75: عملاء اجل | D75: 30 يوماً | E75: Haddil Haron | F75: 0 | G75: 0 | H75: 0 | I75: 0 | J75: 90199.4 | K75: 0 | L75: 90199.4
A76: ماندرين قويدر | B76: MAS | C76: عملاء اجل | D76: 15 of month | E76: Haddil Haron | F76: 76196.45 | G76: 1.25 | H76: 0 | I76: 0 | J76: 12144.61 | K76: 0 | L76: 88342.31
A77: شركة ثرتي نورث | B77: MAS | C77: عملاء اجل | D77: 15 of month | E77: Haddil Haron | F77: 86999.15 | G77: 0 | H77: 0 | I77: -101025.05 | J77: 101025.4 | K77: 0 | L77: 86999.5
A78: مصنع كانيلي | B78: MAS | C78: عملاء كاش | D78: الدفع الفوري | E78: Haddil Haron | F78: 0 | G78: 84010.44 | H78: 2.9 | I78: 0 | J78: 0 | K78: 0 | L78: 84013.34
A79: جمعية محبي الزكاة | B79: MAS | C79: عملاء اجل | D79: 0 | E79: Haddil Haron | F79: 73900 | G79: 0 | H79: 0 | I79: 0 | J79: 0 | K79: 0 | L79: 73900
A80: كشري ابوطارق | B80: MAS | C80: عملاء كاش | D80: الدفع الفوري | E80: Haddil Haron | F80: 0 | G80: 67725 | H80: 1245 | I80: 0 | J80: 0 | K80: 0 | L80: 68970
A81: شركة الفريدة للحلويات | B81: MAS | C81: عملاء كاش | D81: الدفع الفوري | E81: Haddil Haron | F81: 0 | G81: 67537.85 | H81: 0.24 | I81: 0 | J81: 0 | K81: 0 | L81: 67538.09
A82: مؤسسة مصر التجارية | B82: MAS | C82: عملاء اجل | D82: 0 | E82: Haddil Haron | F82: 64658.25 | G82: 0 | H82: 0.5 | I82: 0 | J82: 17.5 | K82: 0 | L82: 64676.25
A83: الصادق للتوريدات | B83: Horeca Smart | C83: عملاء كاش | D83: الدفع الفوري | E83: Mona Mohamed | F83: 0 | G83: 0 | H83: 0 | I83: 0 | J83: 0 | K83: 64142.23 | L83: 64142.23
A84: هوست ان لادارة المطاعم والفنادق | B84: MAS | C84: عملاء كاش | D84: الدفع الفوري | E84: Haddil Haron | F84: 0 | G84: 62612.13 | H84: 0 | I84: 0 | J84: 0 | K84: 0 | L84: 62612.13
A85: Sushi Gate | B85: Horeca Smart | C85: عملاء كاش | D85: الدفع الفوري | E85: Naden Amgad | F85: 0 | G85: 61519.87 | H85: 0 | I85: 0 | J85: 0 | K85: 0 | L85: 61519.87
A86: سميحه | B86: MAS | C86: عملاء كاش | D86: الدفع الفوري | E86: Haddil Haron | F86: 0 | G86: 0 | H86: 42435 | I86: 0 | J86: 17342.5 | K86: 0 | L86: 59777.5
A87: مطعم فالنسيا | B87: Horeca Smart | C87: عملاء كاش | D87: الدفع الفوري | E87: Mona Mohamed | F87: 0 | G87: 59077.3 | H87: 74.3 | I87: 0 | J87: 0 | K87: 0 | L87: 59151.6
A88: كافيه ومطعم ركشا | B88: Horeca Smart | C88: عملاء اجل | D88: 21 يوماً | E88: Lames Magdy | F88: 7728 | G88: 30378.78 | H88: 19837 | I88: 0.45 | J88: 0 | K88: 0 | L88: 57944.23
A89: Hashvill | B89: Horeca Smart | C89: عملاء كاش | D89: الدفع الفوري | E89: Mona Mohamed | F89: 0 | G89: 56625 | H89: 0 | I89: 0 | J89: 0 | K89: 0 | L89: 56625
A90: شركه المحلاوي | B90: 0 | C90: عملاء كاش | D90: الدفع الفوري | E90: 0 | F90: 0 | G90: 0 | H90: 0 | I90: 0 | J90: 0 | K90: 55000 | L90: 55000
A91: Three Dinner - Chefs Studio | B91: Horeca Smart | C91: عملاء اجل | D91: 30 يوماً | E91: Reham Maher | F91: 12350 | G91: 0 | H91: 0 | I91: 38659.54 | J91: 0 | K91: 0 | L91: 51009.54
A92: شركة اسينا للمقاولات | B92: MAS | C92: عملاء كاش | D92: الدفع الفوري | E92: Haddil Haron | F92: 0 | G92: 0 | H92: 150 | I92: 0 | K92: 50000 | L92: 50150
A93: ضياء حسن الراشدين | B93: 0 | C93: عملاء كاش | D93: الدفع الفوري | E93: Haddil Haron | F93: 0 | G93: 46214.1 | H93: 0 | I93: 0 | J93: 0 | K93: 0 | L93: 46214.1
A94: مبيعات نقدي | B94: 0 | C94: عملاء كاش | D94: الدفع الفوري | E94: Haddil Haron | F94: 0 | G94: 0 | H94: 6701 | I94: 27355 | J94: 11184.04 | K94: 0 | L94: 45240.04
A95: طلبية (عميل - مورد) | B95: MAS | C95: عميل - مورد | D95: 5 Days | E95: Haddil Haron | F95: 0 | G95: 0 | H95: 0 | I95: 0 | J95: 43564.56 | K95: 0 | L95: 43564.56
A96: بيتزا بريموس | B96: Horeca Smart | C96: عملاء كاش | D96: الدفع الفوري | E96: Mona Mohamed | F96: 0 | G96: 42250 | H96: 0 | I96: 0 | J96: 0 | K96: 0 | L96: 42250
A97: Silk Road-Doking | B97: MAS | C97: عميل - مورد | D97: 30 يوماً | E97: Amgad Ahmed | F97: 0 | G97: 0 | H97: 0 | I97: 33966 | J97: 7800 | K97: 0 | L97: 41766
A98: تبرعات | B98: MAS | C98: عملاء كاش | D98: الدفع الفوري | E98: Haddil Haron | F98: 0 | G98: 8110 | H98: 11590 | I98: 9860 | J98: 9840 | K98: 0 | L98: 39400
A99: Meansun | B99: MAS | C99: عملاء كاش | D99: الدفع الفوري | E99: Haddil Haron | F99: 37242.24 | G99: 0 | H99: 0 | I99: 0 | J99: 0 | K99: 0 | L99: 37242.24
A100: حلواني ديسباسيتو | B100: Horeca Smart | C100: عملاء كاش | D100: الدفع الفوري | E100: Mona Mohamed | F100: 34672.28 | G100: 7.22 | H100: 0.7 | I100: 0 | J100: 0 | K100: 0 | L100: 34680.2
A101: Maqha | B101: Horeca Smart | C101: عملاء كاش | D101: الدفع الفوري | E101: Mona Mohamed | F101: 0 | G101: 32680.72 | H101: 40.96 | I101: 0 | J101: 1356.19 | K101: 0 | L101: 34077.87
...

Sheet 09-09
A1: المتأخر المدين حتى 09-09-2026
A3: المتأخر المدين | B3: الشركة | C3: علامات التصنيف | D3: شروط السداد للعميل | E3: مندوب المبيعات | F3: بتاريخ | G3: 1-30 | H3: 31-60 | I3: 61-90 | J3: 91-120 | K3: أقدم | L3: الإجمالي
F4: =SUBTOTAL(9,F5:F233) -> 21663548 | G4: =SUBTOTAL(9,G5:G233) -> 17369295 | H4: =SUBTOTAL(9,H5:H233) -> 11220716 | I4: =SUBTOTAL(9,I5:I233) -> 817366.58 | J4: =SUBTOTAL(9,J5:J233) -> 11383000 | K4: =SUBTOTAL(9,K5:K233) -> 0 | L4: =SUBTOTAL(9,L5:L233) -> 62453925
A5: خالد حسين (عميل - مورد) | B5: 0 | C5: عميل - مورد | D5: 0 | E5: Haddil Haron | F5: 0 | G5: 2240470 | H5: 6225061.2 | I5: 0 | J5: 596748.59 | K5: 0 | L5: 9062279.8
A6: تسيباس اوول فوود | B6: MAS | C6: عملاء اجل | D6: 30 يوماً | E6: Haddil Haron | F6: 579309.88 | G6: 2437930 | H6: 37487 | I6: 213200.5 | J6: 190187.66 | K6: 0 | L6: 3458115.1
A7: سموزى برادايس | B7: MAS | C7: عملاء اجل | D7: 15 يوماً | E7: Haddil Haron | F7: 917118.37 | G7: 1585003 | H7: 0 | I7: 0 | J7: 154204.11 | K7: 0 | L7: 2656325.5
A8: زانوبيا | B8: MAS | C8: عملاء اجل | D8: 15 of month | E8: Haddil Haron | F8: 1248260 | G8: 352005 | H8: 832327.44 | I8: 210000 | J8: 0 | K8: 0 | L8: 2642592.4
A9: ايتوال | B9: MAS | C9: عملاء اجل | D9: 15 of month | E9: Haddil Haron | F9: 1544636.8 | G9: 1083300 | H9: 0 | I9: 0 | J9: 0 | K9: 0 | L9: 2627936.7
A10: سدرة - للحلويات | B10: MAS | C10: عملاء اجل | D10: 15 of month | E10: Haddil Haron | F10: 1457394.2 | G10: 218751.05 | H10: 0 | I10: 0 | J10: 927344.29 | K10: 0 | L10: 2603489.5
A11: فوالا | B11: MAS | C11: عملاء اجل | D11: 60 يوم | E11: Haddil Haron | F11: 1948050.3 | G11: -434872.85 | H11: 503013.6 | I11: 0 | J11: 582364.27 | K11: 0 | L11: 2598555.3
A12: مصنع بريد فاست | B12: MAS | C12: عملاء اجل | D12: 30 يوماً | E12: Haddil Haron | F12: 422280 | G12: 1759611 | H12: 0 | I12: 0 | J12: 46254.23 | K12: 0 | L12: 2228145.2
A13: نولا | B13: MAS | C13: عملاء اجل | D13: 15 of month | E13: Haddil Haron | F13: 1477612 | G13: 148161.48 | H13: 0 | I13: 0 | J13: 0 | K13: 0 | L13: 1625773.5
A14: توينكى | B14: MAS | C14: متجمد | D14: 0 | E14: Naden Amgad | F14: 0 | G14: 0 | H14: 0 | I14: 0 | J14: 1478937 | K14: 0 | L14: 1478937
A15: شركة وهمى | B15: MAS | C15: عملاء اجل | D15: 30 يوماً | E15: Haddil Haron | F15: 0 | G15: 0 | H15: 51366 | I15: 0 | J15: 1369387.2 | K15: 0 | L15: 1420753.2
A16: ماتانا للمنتجات الغذائية | B16: MAS | C16: عملاء اجل | D16: 30 يوماً | E16: Haddil Haron | F16: 782958.75 | G16: 469284 | H16: 91160 | I16: 75962.51 | J16: 0 | K16: 0 | L16: 1419365.3
A17: Abela | B17: MAS | C17: عملاء اجل | D17: 30 يوماً | E17: Haddil Haron | F17: 1408066.2 | G17: 4388.07 | H17: 0 | I17: 0 | J17: 0 | K17: 0 | L17: 1412454.3
A18: جيت للتجارة والتوزيع JET | B18: #N/A | C18: #N/A | D18: 0 | E18: #N/A | F18: 0 | G18: 1223686.2 | H18: 175454.5 | I18: 0 | J18: 0 | K18: 0 | L18: 1399140.7
A19: بابا جونز(فانتدج ايجيبت) | B19: MAS | C19: عملاء اجل | D19: 30 يوماً | E19: Haddil Haron | F19: 800232.92 | G19: 29350 | H19: 557422.66 | I19: 0 | J19: 200.78 | K19: 0 | L19: 1387206.4
A20: Chicken Balalm | B20: MAS | C20: عملاء اجل | D20: 15 يوماً | E20: Haddil Haron | F20: 582800 | G20: 132110 | H20: 278437.96 | I20: 0 | J20: 227050 | K20: 0 | L20: 1220398
A21: مطعم مايند دن | B21: MAS | C21: عملاء اجل | D21: 30 يوماً | E21: Haddil Haron | F21: 715076.37 | G21: 381241.94 | H21: 60970.1 | I21: 2.15 | J21: 19.95 | K21: 0 | L21: 1157310.5
A22: طبالي | B22: MAS | C22: عملاء اجل | D22: 15 يوماً | E22: Haddil Haron | F22: 108057.25 | G22: 134100 | H22: 320187.3 | I22: 0 | J22: 416516.24 | K22: 0 | L22: 978860.79
A23: عم شلتت للمخبوزات | B23: MAS | C23: عملاء اجل | D23: 15 يوماً | E23: Haddil Haron | F23: 384820 | G23: 455594.5 | H23: 54977.45 | I23: 0 | J23: 0 | K23: 0 | L23: 895391.95
A24: حلواني بيست سويت | B24: MAS | C24: عملاء اجل | D24: 15 of month | E24: Haddil Haron | F24: 767382.2 | G24: 66995.85 | H24: 7855.5 | I24: 0 | J24: 0 | K24: 0 | L24: 842233.55
A25: شركة جيت | B25: MAS | C25: عملاء كاش | D25: الدفع الفوري | E25: Haddil Haron | F25: 0 | G25: 837760.74 | H25: 0 | I25: 0 | J25: 0 | K25: 0 | L25: 837760.74
A26: بلبن | B26: MAS | C26: عملاء اجل | D26: 30 يوماً | E26: Haddil Haron | F26: 0 | G26: 6125 | H26: 178885 | I26: 0 | J26: 652132 | K26: 0 | L26: 837142
A27: ميسو | B27: MAS | C27: عملاء اجل | D27: 0 | E27: Haddil Haron | F27: 148155 | G27: 297138.75 | H27: 387760.6 | I27: 0 | J27: 0 | K27: 0 | L27: 833054.35
A28: شركة الرواد لتوريد المواد الغذائية | B28: 0 | C28: عميل - مورد | D28: 0 | E28: Amgad Ahmed | F28: 50890 | G28: 389565 | H28: 160492.38 | I28: 175495.51 | J28: 45691.05 | K28: 0 | L28: 822133.94
A29: حلواني بالمي | B29: Horeca Smart | C29: عملاء اجل | D29: 15 of month | E29: Mona Mohamed | F29: 701539.69 | G29: 0 | H29: 392.5 | I29: 0 | J29: 88.6 | K29: 0 | L29: 702020.79
A30: Simonds Bakery | B30: MAS | C30: عملاء اجل | D30: 15 يوماً | E30: Haddil Haron | F30: 205901.1 | G30: 433476 | H30: 0 | I30: 0 | J30: 0 | K30: 0 | L30: 639377.1
A31: Burger Republic | B31: Horeca Smart | C31: عملاء اجل | D31: 15 of month | E31: Mona Mohamed | F31: 311680 | G31: 0 | H31: 30277.25 | I31: 0 | J31: 256211.48 | K31: 0 | L31: 598168.73
A32: مونجينى | B32: MAS | C32: عملاء اجل | D32: 15 of month | E32: Haddil Haron | F32: 0 | G32: 0 | H32: 0 | I32: 0 | J32: 538980.74 | K32: 0 | L32: 538980.74
A33: شركة تارجت للمواد الغذائية | B33: MAS | C33: عملاء اجل | D33: 15 of month | E33: Haddil Haron | F33: 480863.53 | G33: 47735.61 | H33: 0 | I33: 0 | J33: 0 | K33: 0 | L33: 528599.14
A34: كبدة الفلاح - الالف مصنع | B34: MAS | C34: متجمد | D34: 0 | E34: Donia Khaled | F34: 0 | G34: 0 | H34: 0 | I34: 0 | J34: 515589.97 | K34: 0 | L34: 515589.97
A35: ناديةمحمد عبد الغنى ابو طالب | B35: 0 | C35: عملاء كاش | D35: الدفع الفوري | E35: AbdElrhaman Farrag | F35: 0 | G35: 514976 | H35: -34.2 | I35: 0 | J35: 0 | K35: 0 | L35: 514941.8
A36: السويفى ( عميل ومورد ) | B36: MAS | C36: عميل - مورد | D36: الدفع الفوري | E36: Haddil Haron | F36: 0 | G36: 5667.89 | H36: 487719 | I36: 0 | J36: 0 | K36: 0 | L36: 493386.89
A37: بهيج | B37: MAS | C37: عملاء اجل | D37: 30 يوماً | E37: Haddil Haron | F37: 0 | G37: 0 | H37: 0 | I37: 0 | J37: 408176.14 | K37: 0 | L37: 408176.14
A38: Horeca Hub | B38: Horeca Smart | C38: عملاء اجل | D38: 15 يوماً | E38: Mona Mohamed | F38: 779581.01 | G38: -383008.8 | H38: 0 | I38: 0 | J38: 644.67 | K38: 0 | L38: 397216.88
A39: شركة عزايم للصناعات الغذائية (ديوكس) | B39: MAS | C39: عملاء اجل | D39: 15 of month | E39: Haddil Haron | F39: 252514.18 | G39: 0 | H39: 22032.9 | I39: 107008.7 | J39: 1.1 | K39: 0 | L39: 381556.88
A40: ريفولى | B40: MAS | C40: عملاء اجل | D40: 30 يوماً | E40: Haddil Haron | F40: 192848.5 | G40: 12607 | H40: 62442.7 | I40: 0 | J40: 96706.42 | K40: 0 | L40: 364604.62
A41: احمد يوسف ( عميل و مورد ) | B41: MAS | C41: عميل - مورد | D41: 5 Days | E41: Haddil Haron | F41: 0 | G41: 0 | H41: 0 | I41: 0 | J41: 363946.82 | K41: 0 | L41: 363946.82
A42: رويال جروب | B42: MAS | C42: عملاء اجل | D42: 15 of month | E42: Haddil Haron | F42: 108702.6 | G42: 0 | H42: 0 | I42: 0 | J42: 248874.02 | K42: 0 | L42: 357576.62
A43: مصنع الرياده عطيه أمام | B43: Horeca Smart | C43: عملاء اجل | D43: 10 أيام بعد نهاية الشهر التالي | E43: Donia Khaled | F43: 673256.14 | G43: -321079.79 | H43: -1.11 | I43: 0 | J43: 0 | K43: 0 | L43: 352175.24
A44: جيت -محافظة الشرقية | B44: #N/A | C44: #N/A | D44: #N/A | E44: #N/A | F44: 0 | G44: 350144.04 | H44: 0 | I44: 0 | J44: 0 | K44: 0 | L44: 350144.04
A45: ساليه سوكريه | B45: MAS | C45: عملاء اجل | D45: 15 يوماً | E45: Haddil Haron | F45: 0 | G45: 342355 | H45: 0 | I45: 0 | J45: 0 | K45: 0 | L45: 342355
A46: شركة أنفستمينت جيت للصناعات الغذائية | B46: MAS | C46: عملاء اجل | D46: 15 يوماً | E46: Haddil Haron | F46: 118702.5 | G46: 133624.82 | H46: 86122.18 | I46: 561.63 | J46: 3009.81 | K46: 0 | L46: 342020.94
A47: ماجيستي | B47: MAS | C47: عملاء اجل | D47: 30 يوماً | E47: Haddil Haron | F47: 191519.4 | G47: 149421 | H47: 0 | I47: -113340 | J47: 113340 | K47: 0 | L47: 340940.4
A48: اما سوشي | B48: Horeca Smart | C48: عملاء اجل | D48: 15 يوماً | E48: Reham Maher | F48: 0 | G48: 264000 | H48: 0 | I48: 0 | J48: 36173.51 | K48: 0 | L48: 300173.51
A49: مستشفي وادي النيل | B49: MAS | C49: عملاء كاش | D49: الدفع الفوري | E49: Haddil Haron | F49: 0 | G49: 280185.75 | H49: 0 | I49: 0 | J49: 0 | K49: 0 | L49: 280185.75
A50: شركة الدهان لادارة المشروعات السياحية | B50: MAS | C50: عملاء اجل | D50: 10 يوماً | E50: Haddil Haron | F50: 216525.64 | G50: 33107.77 | H50: 0 | I50: 22223.47 | J50: 0 | K50: 0 | L50: 271856.88
A51: Brunch and Cake | B51: MAS | C51: متجمد | D51: 0 | E51: Mona Mohamed | F51: 0 | G51: 0 | H51: 0 | I51: 0 | J51: 257197.93 | K51: 0 | L51: 257197.93
A52: شركة كلاودز ايجيبت | B52: MAS | C52: عملاء اجل | D52: 30 يوماً | E52: Haddil Haron | F52: 66514 | G52: 75275 | H52: 41115.47 | I52: 52660 | J52: 19632.72 | K52: 0 | L52: 255197.19
A53: هريدى للتوريدات (عميل - مورد) | B53: MAS | C53: عميل - مورد | D53: 0 | E53: Haddil Haron | F53: 44640 | G53: 127750 | H53: 70381.5 | I53: 0 | J53: 6853.66 | K53: 0 | L53: 249625.16
A54: فرست كلاس | B54: MAS | C54: عملاء اجل | D54: 15 يوماً | E54: Haddil Haron | F54: 144377 | G54: 0 | H54: 79511.85 | I54: -14366 | J54: 34685 | K54: 0 | L54: 244207.85
A55: شركة شرق الدلتا لادارة المطاعم | B55: Horeca Smart | C55: عملاء اجل | D55: 30 يوماً | E55: Mona Mohamed | F55: 66569.85 | G55: 137794.02 | H55: 0 | I55: 0 | J55: 32765 | K55: 0 | L55: 237128.87
A56: أبومحرم للحلويات | B56: MAS | C56: عملاء اجل | D56: 10 أيام بعد نهاية الشهر التالي | E56: Haddil Haron | F56: 236200 | G56: 0 | H56: 94 | I56: 0 | J56: 1.4 | K56: 0 | L56: 236295.4
A57: شركة المدينة للتوريدات ( عميل - مورد ) | B57: MAS | C57: عميل - مورد | D57: 0 | E57: Haddil Haron | F57: 0 | G57: 280 | H57: 0 | I57: 0 | J57: 179336.25 | K57: 0 | L57: 179616.25
A58: لينورا للحلويات والمخبوزات | B58: MAS | C58: عملاء اجل | D58: 15 of month | E58: Haddil Haron | F58: 283331.76 | G58: -207247.85 | H58: 103415.65 | I58: 0 | J58: 0 | K58: 0 | L58: 179499.56
A59: Heart Attack | B59: MAS | C59: متجمد | D59: 15 يوماً | E59: Mona Mohamed | F59: 0 | G59: 0 | H59: 0 | I59: 0 | J59: 161595.95 | K59: 0 | L59: 161595.95
A60: PAO | B60: Horeca Smart | C60: عملاء اجل | D60: 45 يوماً | E60: Naden Amgad | F60: 0 | G60: 0 | H60: 0 | I60: 0 | J60: 160893.96 | K60: 0 | L60: 160893.96
A61: شركه مكة - بيتزا ستاف | B61: 0 | C61: عملاء اجل | D61: 15 of month | E61: Haddil Haron | F61: 126787.88 | G61: 0 | H61: 0 | I61: -24565.49 | J61: 57323.48 | K61: 0 | L61: 159545.87
A62: شركة اوشن | B62: MAS | C62: عملاء اجل | D62: 30 يوماً | E62: Haddil Haron | F62: 206692.25 | G62: -50000 | H62: 0 | I62: 0 | J62: 1.7 | K62: 0 | L62: 156693.95
A63: الفتح - العبور | B63: MAS | C63: عملاء اجل | D63: 30 يوماً | E63: Haddil Haron | F63: 0 | G63: 118768 | H63: 0 | I63: 0 | J63: 30545.9 | K63: 0 | L63: 149313.9
A64: حلواني العبد | B64: MAS | C64: عملاء اجل | D64: 15 of month | E64: Haddil Haron | F64: 143634.47 | G64: -66238.64 | H64: 66240.09 | I64: 0 | J64: 1945.79 | K64: 0 | L64: 145581.71
A65: ماندرين قويدر | B65: MAS | C65: عملاء اجل | D65: 15 of month | E65: Haddil Haron | F65: 122122.89 | G65: 1.25 | H65: 0 | I65: 0 | J65: 12144.61 | K65: 0 | L65: 134268.75
A66: شركة الفريدة للحلويات | B66: MAS | C66: عملاء كاش | D66: الدفع الفوري | E66: Haddil Haron | F66: 0 | G66: 90292.2 | H66: 42595.49 | I66: 0 | J66: 0 | K66: 0 | L66: 132887.69
A67: توريقه | B67: MAS | C67: عملاء كاش | D67: الدفع الفوري | E67: Haddil Haron | F67: 0 | G67: 0 | H67: 0 | I67: 0 | J67: 118115.35 | K67: 0 | L67: 118115.35
A68: Butlers & Co Catering | B68: MAS | C68: عملاء كاش | D68: الدفع الفوري | E68: Haddil Haron | F68: 0 | G68: 103820.68 | H68: 91 | I68: 0 | J68: 0 | K68: 0 | L68: 103911.68
A69: اوز لإدارة المطاعم | B69: Horeca Smart | C69: عملاء اجل | D69: 15 يوماً | E69: Mona Mohamed | F69: 0 | G69: 96940 | H69: 0 | I69: 0 | J69: 5019.63 | K69: 0 | L69: 101959.63
A70: شركة ثرتي نورث | B70: MAS | C70: عملاء اجل | D70: 15 of month | E70: Haddil Haron | F70: 100120.99 | G70: 0 | H70: 0 | I70: -101025.05 | J70: 101025.4 | K70: 0 | L70: 100121.34
A71: عيد (عميل - مورد) | B71: MAS | C71: عميل - مورد | D71: 0 | E71: Haddil Haron | F71: 0 | G71: 465500 | H71: -365479 | I71: 0 | J71: 0 | K71: 0 | L71: 100021
A72: هوست ان لادارة المطاعم والفنادق | B72: MAS | C72: عملاء كاش | D72: الدفع الفوري | E72: Haddil Haron | F72: 0 | G72: 93264.78 | H72: 0 | I72: 0 | J72: 0 | K72: 0 | L72: 93264.78
A73: شركة جراند لتعبئة وتجارة المواد الغذائية | B73: MAS | C73: عملاء اجل | D73: 30 يوماً | E73: Haddil Haron | F73: 0 | G73: 0 | H73: 0 | I73: 0 | J73: 90199.4 | K73: 0 | L73: 90199.4
A74: Three Dinner - Chefs Studio | B74: Horeca Smart | C74: عملاء اجل | D74: 30 يوماً | E74: Reham Maher | F74: 34887.18 | G74: 12350 | H74: 0 | I74: 0 | J74: 38659.54 | K74: 0 | L74: 85896.72
A75: مطعم القنبلة | B75: Horeca Smart | C75: عملاء كاش | D75: الدفع الفوري | E75: Reham Maher | F75: 34561.7 | G75: -74439.65 | H75: 0 | I75: 0 | J75: 124438.12 | K75: 0 | L75: 84560.17
A76: مصر لمستلزمات المخابز | B76: MAS | C76: عملاء كاش | D76: الدفع الفوري | E76: Haddil Haron | F76: 33981.8 | G76: -247522.07 | H76: 296744.26 | I76: 0 | J76: 8.63 | K76: 0 | L76: 83212.62
A77: khf for food industries | B77: MAS | C77: عملاء كاش | D77: الدفع الفوري | E77: Mona Mohamed | F77: 0 | G77: -168337.8 | H77: 169859.1 | I77: 73306.5 | J77: 0 | K77: 0 | L77: 74827.8
A78: Secret Society Burger | B78: Horeca Smart | C78: عملاء كاش | D78: الدفع الفوري | E78: Reham Maher | F78: 0 | G78: 74454.55 | H78: 0 | I78: 341.45 | J78: 0 | K78: 0 | L78: 74796
A79: جمعية محبي الزكاة | B79: MAS | C79: عملاء اجل | D79: 0 | E79: Haddil Haron | F79: 73900 | G79: 0 | H79: 0 | I79: 0 | J79: 0 | K79: 0 | L79: 73900
A80: كشري ابوطارق | B80: MAS | C80: عملاء كاش | D80: الدفع الفوري | E80: Haddil Haron | F80: 0 | G80: 0 | H80: 67725 | I80: 1245 | J80: 0 | K80: 0 | L80: 68970
A81: ضياء حسن الراشدين | B81: 0 | C81: عملاء كاش | D81: الدفع الفوري | E81: Haddil Haron | F81: 0 | G81: 86232 | H81: -17917.9 | I81: 0 | J81: 0 | K81: 0 | L81: 68314.1
A82: سميحه | B82: MAS | C82: عملاء كاش | D82: الدفع الفوري | E82: Haddil Haron | F82: 0 | G82: 6937 | H82: 25092.5 | I82: 17342.5 | J82: 17342.5 | K82: 0 | L82: 66714.5
A83: حلواني ديسباسيتو | B83: Horeca Smart | C83: عملاء كاش | D83: الدفع الفوري | E83: Mona Mohamed | F83: 0 | G83: 65178.7 | H83: 0.7 | I83: 0 | J83: 0 | K83: 0 | L83: 65179.4
A84: الصادق للتوريدات | B84: Horeca Smart | C84: عملاء كاش | D84: الدفع الفوري | E84: Mona Mohamed | F84: 0 | G84: 0 | H84: 0 | I84: 0 | J84: 64142.23 | K84: 0 | L84: 64142.23
A85: Hashvill | B85: Horeca Smart | C85: عملاء كاش | D85: الدفع الفوري | E85: Mona Mohamed | F85: 0 | G85: 62700 | H85: 0 | I85: 0 | J85: 0 | K85: 0 | L85: 62700
A86: كوبر ميلت للاغذية | B86: MAS | C86: عملاء اجل | D86: 0 | E86: Haddil Haron | F86: 45744.72 | G86: 14383.6 | H86: 0 | I86: 0 | J86: 0 | K86: 0 | L86: 60128.32
A87: مطعم فالنسيا | B87: Horeca Smart | C87: عملاء كاش | D87: الدفع الفوري | E87: Mona Mohamed | F87: 0 | G87: 59077.3 | H87: 0 | I87: 74.3 | J87: 0 | K87: 0 | L87: 59151.6
A88: شركه المحلاوي | B88: 0 | C88: عملاء كاش | D88: الدفع الفوري | E88: 0 | F88: 0 | G88: 0 | H88: 0 | I88: 0 | J88: 55000 | K88: 0 | L88: 55000
A89: مصنع ميجا | B89: Horeca Smart | C89: عملاء كاش | D89: #N/A | E89: Mona Mohamed | F89: 0 | G89: 47441.25 | H89: 0 | I89: 0 | J89: 3825 | K89: 0 | L89: 51266.25
A90: شركة اسينا للمقاولات | B90: MAS | C90: عملاء كاش | D90: الدفع الفوري | E90: Haddil Haron | F90: 0 | G90: 0 | H90: 150 | I90: 0 | J90: 50000 | K90: 0 | L90: 50150
A91: taka sushi | B91: Horeca Smart | C91: عملاء كاش | D91: #N/A | E91: Reham Maher | F91: 0 | G91: 49487.09 | H91: 0 | I91: 0 | J91: 0 | K91: 0 | L91: 49487.09
A92: كافيه ومطعم ركشا | B92: Horeca Smart | C92: عملاء اجل | D92: 21 يوماً | E92: Lames Magdy | F92: 12638 | G92: 8452.66 | H92: 27686 | I92: 0.45 | J92: 0 | K92: 0 | L92: 48777.11
A93: بيكينج فودز للصنعات | B93: Horeca Smart | C93: عملاء اجل | D93: 10 يوماً | E93: Mona Mohamed | F93: 29525.6 | G93: 12371.24 | H93: 6560 | I93: 0 | J93: 0 | K93: 0 | L93: 48456.84
A94: 8back Burgers | B94: Horeca Smart | C94: عملاء كاش | D94: الدفع الفوري | E94: Lames Magdy | F94: 0 | G94: 48430 | H94: 0 | I94: 0 | J94: 0 | K94: 0 | L94: 48430
A95: تبرعات | B95: MAS | C95: عملاء كاش | D95: الدفع الفوري | E95: Haddil Haron | F95: 0 | G95: 15990 | H95: 11590 | I95: 9860 | J95: 9840 | K95: 0 | L95: 47280
A96: فندق مارشاربل | B96: Horeca Smart | C96: عملاء اجل | D96: 30 يوماً | E96: Naden Amgad | F96: 53315.68 | G96: 4253.28 | H96: 0 | I96: -19433.28 | J96: 8894.72 | K96: 0 | L96: 47030.4
A97: مبيعات نقدي | B97: 0 | C97: عملاء كاش | D97: الدفع الفوري | E97: Haddil Haron | F97: 0 | G97: 0 | H97: -22799 | I97: 49495 | J97: 18544.04 | K97: 0 | L97: 45240.04
A98: طلبية (عميل - مورد) | B98: MAS | C98: عميل - مورد | D98: 5 Days | E98: Haddil Haron | F98: 0 | G98: 0 | H98: 0 | I98: 0 | J98: 43564.56 | K98: 0 | L98: 43564.56
A99: بيتزا بريموس | B99: Horeca Smart | C99: عملاء كاش | D99: الدفع الفوري | E99: Mona Mohamed | F99: 0 | G99: 42250 | H99: 0 | I99: 0 | J99: 0 | K99: 0 | L99: 42250
A100: Silk Road-Doking | B100: MAS | C100: عميل - مورد | D100: 30 يوماً | E100: Amgad Ahmed | F100: 0 | G100: 0 | H100: 0 | I100: 0 | J100: 41766 | K100: 0 | L100: 41766
A101: مصنع كانيلي | B101: MAS | C101: عملاء كاش | D101: الدفع الفوري | E101: Haddil Haron | F101: 9250 | G101: 28922.29 | H101: 2801.05 | I101: 0 | J101: 0 | K101: 0 | L101: 40973.34
...

Sheet 16-09
A1: المتأخر المدين حتى 16-09-2026
A3: المتأخر المدين | B3: الشركة | C3: علامات التصنيف | D3: شروط السداد للعميل | E3: مندوب المبيعات | F3: بتاريخ | G3: 1-30 | H3: 31-60 | I3: 61-90 | J3: 91-120 | K3: أقدم | L3: الإجمالي
F4: =SUBTOTAL(9,F5:F233) -> 14287612 | G4: =SUBTOTAL(9,G5:G233) -> 22058708 | H4: =SUBTOTAL(9,H5:H233) -> 12011433 | I4: =SUBTOTAL(9,I5:I233) -> 1623862.8 | J4: =SUBTOTAL(9,J5:J233) -> 11454552 | K4: =SUBTOTAL(9,K5:K233) -> 0 | L4: =F4+G4+H4+I4+J4 -> 61436168
A5: خالد حسين (عميل - مورد) | B5: =VLOOKUP(A5,'[1]تحديث العملاء'!$A:$D,2,0) -> 0 | C5: =VLOOKUP(A5,'[1]تحديث العملاء'!$A:$D,3,0) -> عميل - مورد | D5: =VLOOKUP(A5,'09-09'!A:L,4,0) -> 0 | E5: =VLOOKUP(A5,'[1]تحديث العملاء'!$A:$D,4,0) -> Haddil Haron | F5: 0 | G5: 1213450 | H5: 7014154.9 | I5: 37926.29 | J5: 596748.59 | L5: =F5+G5+H5+I5+J5 -> 8862279.8
A6: تسيباس اوول فوود | B6: =VLOOKUP(A6,'[1]تحديث العملاء'!$A:$D,2,0) -> MAS | C6: =VLOOKUP(A6,'[1]تحديث العملاء'!$A:$D,3,0) -> عملاء اجل | D6: =VLOOKUP(A6,'09-09'!A:L,4,0) -> 30 يوماً | E6: =VLOOKUP(A6,'[1]تحديث العملاء'!$A:$D,4,0) -> Haddil Haron | F6: 1141227.5 | G6: 2691012.5 | H6: 35846 | I6: 214841.5 | J6: 190187.66 | L6: =F6+G6+H6+I6+J6 -> 4273115.1
A7: فوالا | B7: =VLOOKUP(A7,'[1]تحديث العملاء'!$A:$D,2,0) -> MAS | C7: =VLOOKUP(A7,'[1]تحديث العملاء'!$A:$D,3,0) -> عملاء اجل | D7: =VLOOKUP(A7,'09-09'!A:L,4,0) -> 60 يوم | E7: =VLOOKUP(A7,'[1]تحديث العملاء'!$A:$D,4,0) -> Haddil Haron | F7: 1655148.2 | G7: 110499.2 | H7: 486645.6 | I7: 16368 | J7: 582364.27 | L7: =F7+G7+H7+I7+J7 -> 2851025.3
A8: ايتوال | B8: =VLOOKUP(A8,'[1]تحديث العملاء'!$A:$D,2,0) -> MAS | C8: =VLOOKUP(A8,'[1]تحديث العملاء'!$A:$D,3,0) -> عملاء اجل | D8: =VLOOKUP(A8,'09-09'!A:L,4,0) -> 15 of month | E8: =VLOOKUP(A8,'[1]تحديث العملاء'!$A:$D,4,0) -> Haddil Haron | F8: 858085.5 | G8: 1824701.2 | H8: 0 | I8: 0 | J8: 0 | L8: =F8+G8+H8+I8+J8 -> 2682786.7
A9: سدرة - للحلويات | B9: =VLOOKUP(A9,'[1]تحديث العملاء'!$A:$D,2,0) -> MAS | C9: =VLOOKUP(A9,'[1]تحديث العملاء'!$A:$D,3,0) -> عملاء اجل | D9: =VLOOKUP(A9,'09-09'!A:L,4,0) -> 15 of month | E9: =VLOOKUP(A9,'[1]تحديث العملاء'!$A:$D,4,0) -> Haddil Haron | F9: 94852.76 | G9: 712013.79 | H9: 793521.9 | I9: 0 | J9: 927344.29 | L9: =F9+G9+H9+I9+J9 -> 2527732.7
A10: مصنع بريد فاست | B10: =VLOOKUP(A10,'[1]تحديث العملاء'!$A:$D,2,0) -> MAS | C10: =VLOOKUP(A10,'[1]تحديث العملاء'!$A:$D,3,0) -> عملاء اجل | D10: =VLOOKUP(A10,'09-09'!A:L,4,0) -> 30 يوماً | E10: =VLOOKUP(A10,'[1]تحديث العملاء'!$A:$D,4,0) -> Haddil Haron | F10: 422280 | G10: 1759611 | H10: 0 | I10: 0 | J10: 46254.23 | L10: =F10+G10+H10+I10+J10 -> 2228145.2
A11: زانوبيا | B11: =VLOOKUP(A11,'[1]تحديث العملاء'!$A:$D,2,0) -> MAS | C11: =VLOOKUP(A11,'[1]تحديث العملاء'!$A:$D,3,0) -> عملاء اجل | D11: =VLOOKUP(A11,'09-09'!A:L,4,0) -> 15 of month | E11: =VLOOKUP(A11,'[1]تحديث العملاء'!$A:$D,4,0) -> Haddil Haron | F11: 472785 | G11: 1225775 | H11: 129921.94 | I11: 210000 | J11: 0 | L11: =F11+G11+H11+I11+J11 -> 2038481.9
A12: Abela | B12: =VLOOKUP(A12,'[1]تحديث العملاء'!$A:$D,2,0) -> MAS | C12: =VLOOKUP(A12,'[1]تحديث العملاء'!$A:$D,3,0) -> عملاء اجل | D12: =VLOOKUP(A12,'09-09'!A:L,4,0) -> 30 يوماً | E12: =VLOOKUP(A12,'[1]تحديث العملاء'!$A:$D,4,0) -> Haddil Haron | F12: 1715648.5 | G12: 214699.27 | H12: 0 | I12: 0 | J12: 0 | L12: =F12+G12+H12+I12+J12 -> 1930347.8
A13: نولا | B13: =VLOOKUP(A13,'[1]تحديث العملاء'!$A:$D,2,0) -> MAS | C13: =VLOOKUP(A13,'[1]تحديث العملاء'!$A:$D,3,0) -> عملاء اجل | D13: =VLOOKUP(A13,'09-09'!A:L,4,0) -> 15 of month | E13: =VLOOKUP(A13,'[1]تحديث العملاء'!$A:$D,4,0) -> Haddil Haron | F13: 411936 | G13: 1293044 | H13: 148161.48 | I13: 0 | J13: 0 | L13: =F13+G13+H13+I13+J13 -> 1853141.5
A14: مطعم مايند دن | B14: =VLOOKUP(A14,'[1]تحديث العملاء'!$A:$D,2,0) -> MAS | C14: =VLOOKUP(A14,'[1]تحديث العملاء'!$A:$D,3,0) -> عملاء اجل | D14: =VLOOKUP(A14,'09-09'!A:L,4,0) -> 30 يوماً | E14: =VLOOKUP(A14,'[1]تحديث العملاء'!$A:$D,4,0) -> Haddil Haron | F14: 892905.56 | G14: 625911.44 | H14: 60970.1 | I14: 0 | J14: 22.1 | L14: =F14+G14+H14+I14+J14 -> 1579809.2
A15: توينكى | B15: =VLOOKUP(A15,'[1]تحديث العملاء'!$A:$D,2,0) -> MAS | C15: =VLOOKUP(A15,'[1]تحديث العملاء'!$A:$D,3,0) -> متجمد | D15: =VLOOKUP(A15,'09-09'!A:L,4,0) -> 0 | E15: =VLOOKUP(A15,'[1]تحديث العملاء'!$A:$D,4,0) -> Naden Amgad | F15: 0 | G15: 0 | H15: 0 | I15: 0 | J15: 1478937 | L15: =F15+G15+H15+I15+J15 -> 1478937
A16: ماتانا للمنتجات الغذائية | B16: =VLOOKUP(A16,'[1]تحديث العملاء'!$A:$D,2,0) -> MAS | C16: =VLOOKUP(A16,'[1]تحديث العملاء'!$A:$D,3,0) -> عملاء اجل | D16: =VLOOKUP(A16,'09-09'!A:L,4,0) -> 30 يوماً | E16: =VLOOKUP(A16,'[1]تحديث العملاء'!$A:$D,4,0) -> Haddil Haron | F16: 738658.75 | G16: 683306.51 | H16: 0 | I16: 0 | J16: 0 | L16: =F16+G16+H16+I16+J16 -> 1421965.3
... A233: Bja company | B233: =VLOOKUP(A233,'[1]تحديث العملاء'!$A:$D,2,0) -> Horeca Smart | C233: =VLOOKUP(A233,'[1]تحديث العملاء'!$A:$D,3,0) -> عملاء كاش | D233: =VLOOKUP(A233,'09-09'!A:L,4,0) -> الدفع الفوري | E233: =VLOOKUP(A233,'[1]تحديث العملاء'!$A:$D,4,0) -> Reham Maher | F233: 0 | G233: 0 | H233: 246 | I233: 0 | J233: -55.48 | L233: =F233+G233+H233+I233+J233 -> 190.52
A234: مستر بيتزا | F234: 0 | G234: 180.5 | H234: 0 | I234: 0 | J234: 0
A235: The Best Supplies | F235: 0 | G235: 0 | H235: 0 | I235: 0 | J235: 80
A236: Motor sprots HUB | F236: 0 | G236: 0 | H236: 50 | I236: 0 | J236: 0
A237: ألميرا | F237: 0 | G237: 0 | H237: 19.98 | I237: 0 | J237: 0
A238: الهادي نيو لتوريد المواد الغذائية | F238: 0 | G238: 0 | H238: 5 | I238: 0 | J238: 0
A239: 3BOYS Supplies Company | F239: 0 | G239: 0 | H239: 2.52 | I239: 0 | J239: 0
A240: Simonds Bakery | F240: 0 | G240: 2.1 | H240: 0 | I240: 0 | J240: 0
A241: Rivo Cafe - العبور | F241: 0 | G241: 4.5 | H241: -2.75 | I241: 0 | J241: 0
A242: Big Boy Restaurant | F242: 0 | G242: 0 | H242: 1.25 | I242: 0 | J242: 0
A243: Mountain cafe | F243: 0 | G243: 0 | H243: 1 | I243: 0 | J243: 0
A244: BRB Coffee | F244: 0 | G244: 0 | H244: 1 | I244: 0 | J244: 0
A245: نووك نووك تشويز | F245: 0 | G245: -1.08 | H245: 1.04 | I245: 0.75 | J245: 0
... A441: Horeca Hub | F441: 609189.67 | G441: -747568.8 | H441: -250630.49 | I441: 31474.17 | J441: 644.67
